0.029690	0.065274	0.077700	0.090079	0.038908	0.000524	0.175510	0.000451	0.000000	0.051976	0.131503
0.160030	0.007721	0.019221	0.000000	0.008084	0.003200	0.025024	0.002636	0.338193	0.003280	-0.503889
0.034684	0.344148	0.000000	0.000000	0.000000	0.000000	0.000000	0.000000	0.011992	0.000000	0.271631
0.000000	0.000000	0.000000	0.000000	0.912232	0.000000	0.011872	0.000000	0.000000	0.000000	0.557708
0.168615	0.060218	0.064807	0.007628	0.042700	0.000000	0.131817	0.002963	0.083893	0.057223	0.000106
0.203579	0.364413	0.000000	0.000000	0.026186	0.000000	0.000000	0.000000	0.170674	0.059995	0.202358
0.052600	0.126404	0.027939	0.008097	0.009279	0.226801	0.008431	0.000000	0.009004	0.003784	0.169570
0.024687	0.183046	0.000000	0.000000	0.000000	0.000000	0.050031	0.003395	0.000000	0.000000	0.238308
0.000000	0.000000	0.000000	0.000000	0.000000	0.000000	0.000000	0.482124	0.000000	0.000943	0.397660
0.063461	0.249535	0.127585	0.004872	0.093560	0.000000	0.062743	0.003685	0.049794	0.077847	-0.007140
0.000000	0.000000	0.000000	0.000000	0.026000	0.001093	0.000000	0.000000	0.419550	0.003077	0.495018
0.118201	0.047523	0.190686	0.000000	0.043285	0.001952	0.066065	0.006928	0.016933	0.034309	0.037893
0.072243	0.189831	0.049708	0.003978	0.029806	0.000000	0.087614	0.000000	0.036002	0.106988	-0.108324
0.097086	0.029298	0.018982	0.000000	0.013088	0.345937	0.099193	0.017120	0.086225	0.067607	0.402041
0.019368	0.106761	0.095073	0.086617	0.178978	0.053105	0.034360	0.000225	0.063638	0.071351	0.452216
0.017152	0.075526	0.113050	0.179861	0.116457	0.000000	0.044098	0.000000	0.000000	0.079911	0.422697
0.063008	0.000000	0.027812	0.001211	0.013167	0.000000	0.078993	0.000000	0.017215	0.009086	-0.449007
0.000000	0.027571	0.253757	0.358627	0.096413	0.000000	0.000000	0.000957	0.000000	0.000000	0.660387
0.000000	0.000000	0.000000	0.000000	0.000000	0.000000	0.267552	0.000000	0.000000	0.000000	-0.181736
0.046302	0.090481	0.059449	0.000000	0.000000	0.000000	0.103926	0.010307	0.208794	0.000000	0.482866
0.007366	0.000000	0.173777	0.000000	0.000000	0.000000	0.000000	0.000337	0.000000	0.001513	0.384745
0.000000	0.169201	0.000000	0.000000	0.000000	0.003759	0.095230	0.008482	0.000000	0.001722	-0.313385
0.036408	0.056903	0.017021	0.444543	0.141214	0.011271	0.000000	0.006963	0.000393	0.055473	0.610998
0.058390	0.125340	0.000000	0.100177	0.062464	0.002324	0.000000	0.000000	0.000000	0.226095	-0.184532
0.004013	0.061768	0.088312	0.001687	0.030381	0.002531	0.083897	0.000000	0.007001	0.022738	0.061666
0.062325	0.101069	0.000323	0.007501	0.006426	0.000000	0.000000	0.000000	0.003152	0.065250	-0.522932
0.000000	0.047100	0.012314	0.362373	0.164169	0.000000	0.000000	0.001790	0.000000	0.211846	0.755574
0.077397	0.074748	0.031768	0.000000	0.005444	0.000000	0.101661	0.000000	0.000000	0.016101	-0.202358
0.068950	0.060497	0.032515	0.000000	0.061574	0.000000	0.080259	0.005986	0.000000	0.052873	-0.493104
0.010866	0.083761	0.000000	0.000000	0.000000	0.004827	0.106820	0.000000	0.025962	0.027673	-0.027145
0.160610	0.125630	0.000000	0.000000	0.000000	0.000000	0.073207	0.000000	0.022740	0.000000	-0.018616
0.033097	0.000000	0.084926	0.003562	0.011282	0.292323	0.000000	0.049887	0.025618	0.088655	0.274173
0.041230	0.141410	0.224808	0.000000	0.002457	0.000000	0.169535	0.181083	0.112470	0.000000	0.358260
0.027341	0.075981	0.006129	0.015843	0.112726	0.000000	0.000000	0.000000	0.000748	0.183291	0.064372
0.025007	0.100968	0.003721	0.007203	0.000000	0.000000	0.053622	0.515219	0.000235	0.094228	0.344556
0.069887	0.000000	0.059199	0.000000	0.117007	0.000000	0.055444	0.000000	0.149657	0.000000	0.402076
0.059561	0.291635	0.107795	0.025493	0.142897	0.013761	0.072881	0.000000	0.053534	0.039921	0.176281
0.101738	0.210160	0.094584	0.004969	0.224316	0.004250	0.059163	0.002858	0.042758	0.074286	-0.129029
0.074095	0.095081	0.000000	0.000000	0.013050	0.000000	0.000000	0.001313	0.049685	0.034992	0.601845
0.000000	0.112199	0.102908	0.000000	0.000000	0.000000	0.256961	0.289675	0.011071	0.000000	0.712525
0.041214	0.000000	0.000000	0.000000	0.000000	0.000000	0.018079	0.000000	0.000000	0.000000	-0.492063
0.000000	0.000000	0.115305	0.199574	0.026983	0.000000	0.008693	0.000000	0.017943	0.000000	0.443013
0.036164	0.000000	0.000000	0.000192	0.000000	0.000222	0.054390	0.000000	0.000603	0.004879	-0.562691
0.051846	0.175560	0.029849	0.000000	0.299965	0.000000	0.013879	0.000000	0.039811	0.022024	0.338235
0.000000	0.397314	0.000000	0.000000	0.000000	0.000000	0.137592	0.000000	0.034942	0.154379	0.389006
0.050877	0.025412	0.039732	0.000161	0.130291	0.000000	0.087559	0.000000	0.000000	0.085834	-0.235979
0.053370	0.166146	0.010189	0.100210	0.031356	0.000000	0.000000	0.000000	0.000000	0.100248	0.132460
0.000000	0.000000	0.000000	0.001111	0.000000	0.000000	0.000000	0.000000	0.003855	0.044862	-0.523973
0.022168	0.000000	0.000000	0.000000	0.000000	0.000000	0.000000	0.000000	0.000000	0.295626	-0.416601
0.032244	0.000000	0.017434	0.000000	0.007712	0.006619	0.040394	0.000000	0.011926	0.034941	-0.503342
0.004722	0.021908	0.000000	0.000000	0.000000	0.000000	0.033079	0.001425	0.000000	0.000000	-0.509311
0.000000	0.238079	0.007049	0.000000	0.017730	0.000000	0.139713	0.000000	0.000000	0.005765	0.201074
0.026627	0.089776	0.106536	0.000142	0.000000	0.002964	0.125163	0.000838	0.000000	0.009741	0.384094
0.000000	0.164893	0.009627	0.000000	0.000000	0.000000	0.082178	0.023964	0.000000	0.000000	-0.089760
0.047522	0.013523	0.009258	0.000000	0.024826	0.000964	0.000000	0.006488	0.000302	0.000000	-0.460523
0.072993	0.186427	0.000000	0.000000	0.010253	0.000000	0.005736	0.000000	0.000000	0.049331	-0.031264
0.062007	0.241041	0.118875	0.005180	0.107049	0.000000	0.053345	0.003259	0.091940	0.089880	0.593447
0.004243	0.124229	0.066988	0.102281	0.005815	0.000000	0.078360	0.009107	0.000000	0.000000	-0.052626
0.159724	0.121687	0.062118	0.019796	0.085071	0.000698	0.061525	0.004463	0.067918	0.047928	0.317311
0.125887	0.142361	0.056766	0.003562	0.030906	0.000000	0.079741	0.000000	0.038090	0.032645	-0.202907
0.147501	0.069174	0.057261	0.004256	0.000000	0.005850	0.101906	0.006054	0.116075	0.047876	0.040259
0.000000	0.000000	0.000000	0.000000	0.001084	0.000000	0.000000	0.000000	0.025193	0.104470	-0.503867
0.081469	0.000000	0.000000	0.000888	0.007199	0.000000	0.114241	0.008444	0.022823	0.045115	-0.745178
0.085048	0.136667	0.000000	0.004111	0.049054	0.000000	0.000000	0.000000	0.071183	0.143084	0.250444
0.108178	0.450961	0.105796	0.000000	0.000701	0.000000	0.006014	0.011947	0.052826	0.001703	0.418739
0.092386	0.123142	0.111133	0.001476	0.050510	0.123961	0.107019	0.000000	0.000000	0.012796	0.026722
0.182515	0.021095	0.010654	0.000236	0.000000	0.000000	0.002761	0.000000	0.005549	0.011696	-0.668519
0.004605	0.021098	0.000000	0.000000	0.019991	0.003986	0.000000	0.000000	0.016778	0.031279	-0.607164
0.066841	0.016599	0.000000	0.000000	0.000000	0.000000	0.063130	0.000000	0.000000	0.014075	-0.564997
0.000000	0.003033	0.017937	0.302681	0.049932	0.003986	0.017554	0.021430	0.000000	0.041561	0.509158
0.130431	0.002557	0.023512	0.001637	0.011753	0.000299	0.025078	0.000000	0.101613	0.000000	-0.468415
0.009577	0.026926	0.000000	0.000000	0.000000	0.000000	0.041003	0.000841	0.000408	0.000000	-0.504558
0.011171	0.009217	0.144995	0.000000	0.000000	0.000000	0.052660	0.000000	0.001566	0.000000	0.442026
0.052901	0.075526	0.031206	0.000000	0.000000	0.000000	0.158197	0.010254	0.013098	0.000000	0.039361
0.000000	0.039249	0.000000	0.000000	0.000000	0.000000	0.194878	0.000000	0.010312	0.000000	-0.205137
0.094171	0.211531	0.038661	0.031887	0.073178	0.002921	0.070716	0.004661	0.092417	0.060753	0.116533
0.201192	0.188068	0.136858	0.000000	0.000000	0.040547	0.009951	0.000000	0.171821	0.000000	0.172342
0.030703	0.210728	0.097189	0.150122	0.162894	0.041511	0.000000	0.005209	0.000000	0.294482	0.427142
0.087612	0.221764	0.082501	0.023088	0.117956	0.025838	0.050867	0.002092	0.062492	0.057601	0.163754
0.078611	0.212646	0.128353	0.072426	0.114586	0.002635	0.073522	0.006212	0.060713	0.055636	0.369597
0.024272	0.044598	0.081086	0.000000	0.015011	0.000611	0.132130	0.005838	0.005831	0.000000	-0.510287
0.008920	0.008800	0.000000	0.000000	0.046316	0.000000	0.000000	0.013980	0.000000	0.000000	-0.966152
0.017161	0.109910	0.083769	0.050606	0.188021	0.056828	0.033979	0.000000	0.075649	0.061656	0.644229
0.053324	0.000000	0.000000	0.000743	0.000086	0.000000	0.040257	0.000000	0.000000	0.026532	-0.496350
0.040928	0.150192	0.025453	0.000000	0.183081	0.003404	0.020621	0.008500	0.013767	0.038977	0.509100
0.236385	0.047826	0.036028	0.000000	0.000000	0.007320	0.101297	0.000000	0.035624	0.026525	-0.337121
0.036172	0.009496	0.001585	0.000000	0.013544	0.006486	0.006660	0.001408	0.001754	0.015706	-0.496040
0.067252	0.232720	0.118242	0.138567	0.071539	0.000000	0.074295	0.000000	0.077601	0.072658	0.324089
0.097485	0.038443	0.004823	0.000000	0.000000	0.004098	0.071771	0.018250	0.000000	0.061041	-0.299178
0.123462	0.228428	0.109079	0.089664	0.064039	0.014390	0.060183	0.000379	0.053543	0.060530	-0.006278
0.035534	0.000000	0.000000	0.000000	0.029686	0.001851	0.000000	0.004278	0.013192	0.002052	-0.586570
0.000000	0.000000	0.000000	0.000000	0.000000	0.000000	0.067053	0.000000	0.000000	0.005138	-0.499431
0.157554	0.009737	0.000000	0.000000	0.000000	0.000000	0.037582	0.002645	0.000000	0.000000	-0.534465
0.000000	0.000000	0.000345	0.000000	0.286114	0.000000	0.040841	0.000000	0.016035	0.206953	0.320386
0.000000	0.138346	0.000000	0.000000	0.000000	0.326658	0.092296	0.001407	0.000000	0.000000	0.569107
0.142686	0.000000	0.006944	0.000206	0.022140	0.019119	0.000000	0.005123	0.000000	0.009881	-0.471253
0.065470	0.005383	0.022072	0.009941	0.000000	0.006828	0.042550	0.014200	0.022230	0.017660	-0.464678
0.070616	0.136364	0.023966	0.002832	0.042677	0.000000	0.006115	0.000000	0.000133	0.098966	-0.222005
0.072030	0.245604	0.097022	0.093062	0.164071	0.039072	0.071452	0.000000	0.054098	0.048357	0.132525
0.080856	0.234884	0.065283	0.078480	0.166447	0.021243	0.074874	0.000000	0.034243	0.104795	0.207722
0.017691	0.055311	0.019384	0.220735	0.006917	0.000000	0.125028	0.002627	0.037749	0.049670	0.219162
0.073986	0.000000	0.046371	0.000000	0.021136	0.006392	0.065127	0.003443	0.000000	0.004082	-0.647864
0.166508	0.105316	0.044523	0.000000	0.011975	0.011965	0.099198	0.005498	0.035015	0.008587	-0.170281
0.189335	0.066409	0.028748	0.000000	0.034478	0.000000	0.063778	0.177582	0.047524	0.006350	0.432737
0.024224	0.117213	0.126983	0.006102	0.000000	0.192298	0.061870	0.001128	0.026377	0.068329	0.237864
0.030686	0.009525	0.000253	0.000377	0.001898	0.005106	0.010467	0.001411	0.000000	0.008077	-0.551112
0.106531	0.023765	0.069246	0.000000	0.000000	0.002744	0.060982	0.002807	0.024794	0.101709	-0.336640
0.000000	0.009752	0.028913	0.072224	0.048822	0.000000	0.000000	0.009687	0.000000	0.029686	0.390082
0.000000	0.034892	0.006800	0.042861	0.094857	0.000000	0.000000	0.000000	0.000000	0.123809	0.434770
0.000000	0.000000	0.000000	0.000000	0.000000	0.966152	0.000000	0.000000	0.000000	0.030533	0.660265
0.123066	0.163977	0.012253	0.000000	0.000000	0.000000	0.048340	0.000000	0.047158	0.005848	-0.007701
0.048246	0.000000	0.000000	0.002025	0.000784	0.000000	0.000000	0.000000	0.000000	0.001068	-0.491127
0.129466	0.000000	0.276740	0.000000	0.000000	0.000000	0.206156	0.000000	0.044985	0.000000	0.179011
0.029291	0.000000	0.001636	0.000000	0.000000	0.000000	0.045608	0.000000	0.000000	0.006960	-0.565375
0.000000	0.098209	0.000000	0.000000	0.000000	0.009545	0.000296	0.005930	0.000000	0.116948	0.152475
0.098078	0.199280	0.106769	0.160805	0.156059	0.000909	0.021173	0.152026	0.010051	0.122910	0.189547
0.000000	0.099663	0.332097	0.000000	0.031078	0.000000	0.119164	0.000000	0.000000	0.000000	0.078749
0.083491	0.009718	0.013436	0.000000	0.000000	0.002196	0.000878	0.000000	0.026647	0.048545	-0.571394
0.000000	0.179912	0.077194	0.029355	0.130273	0.011564	0.000000	0.008312	0.000000	0.085884	0.419664
0.070031	0.096365	0.000000	0.003736	0.005447	0.000000	0.091361	0.000000	0.038093	0.075198	-0.227230
0.000000	0.077569	0.000000	0.000000	0.000000	0.015091	0.099890	0.000000	0.000000	0.109226	0.144318
0.000000	0.342087	0.000000	0.000000	0.000000	0.002992	0.117500	0.000000	0.000000	0.178216	0.118058
0.000000	0.048355	0.011279	0.000000	0.000000	0.000000	0.201160	0.012356	0.000000	0.000000	-0.228754
0.000000	0.207587	0.011728	0.000000	0.000000	0.005888	0.000000	0.000000	0.000000	0.061454	0.123679
0.031138	0.004327	0.003930	0.002900	0.000000	0.000000	0.025297	0.000121	0.013130	0.000000	-0.466692
0.034031	0.123328	0.020266	0.000000	0.000155	0.000000	0.040583	0.000745	0.066844	0.031416	0.393370
0.000701	0.000000	0.008658	0.000000	0.040631	0.007834	0.065024	0.031118	0.005673	0.113362	0.335442
0.031179	0.185020	0.043339	0.025188	0.229296	0.000000	0.072291	0.004951	0.021981	0.018573	-0.190735
0.042145	0.140989	0.093482	0.192363	0.097495	0.000000	0.016920	0.000992	0.017849	0.015585	0.473796
0.000000	0.000000	0.000000	0.000000	0.000000	0.000000	0.005135	0.000000	0.000000	0.306750	0.375505
0.000000	0.049195	0.000000	0.000000	0.000000	0.000169	0.077046	0.035345	0.000000	0.111610	-0.006119
0.000000	0.046597	0.000000	0.000000	0.000000	0.001505	0.120039	0.009517	0.000000	0.245673	-0.355675
0.155040	0.000000	0.008347	0.000940	0.000000	0.000000	0.039435	0.000000	0.000000	0.000000	-0.501706
0.130266	0.000000	0.000000	0.000000	0.000000	0.000000	0.003151	0.000000	0.000000	0.000000	-0.510504
0.000000	0.336990	0.000000	0.000000	0.000000	0.000000	0.000000	0.000000	0.000000	0.003992	0.041311
0.166842	0.064181	0.034882	0.009914	0.052335	0.000000	0.037947	0.000000	0.078758	0.022554	0.526854
0.162149	0.000000	0.009006	0.000946	0.007374	0.001483	0.000000	0.000000	0.272553	0.007511	-0.492699
0.015219	0.000000	0.547223	0.000000	0.020774	0.004186	0.007518	0.000000	0.000000	0.007603	0.647764
0.035722	0.159485	0.018175	0.000000	0.006904	0.006917	0.047262	0.000000	0.002587	0.009980	0.149959
0.082023	0.243146	0.055034	0.001508	0.076513	0.000000	0.057447	0.000000	0.032247	0.114710	0.010000
0.084237	0.123624	0.000000	0.094333	0.014941	0.000000	0.016019	0.204428	0.000000	0.033851	0.378102
0.041758	0.050230	0.028774	0.000000	0.016896	0.001354	0.136282	0.004599	0.006385	0.000000	-0.113599
0.115917	0.019216	0.171780	0.000000	0.000000	0.000000	0.170524	0.000000	0.026984	0.000000	-0.206926
0.073933	0.013387	0.064747	0.000000	0.018028	0.000000	0.042537	0.001088	0.000000	0.056411	-0.568845
0.054550	0.077047	0.054083	0.002111	0.157518	0.000000	0.113812	0.008196	0.036761	0.052348	-0.097769
0.000000	0.131724	0.000000	0.000000	0.000000	0.017969	0.000000	0.003622	0.000000	0.144442	0.017797
0.000000	0.101509	0.000000	0.000000	0.677924	0.000000	0.042628	0.000727	0.000000	0.048762	0.379579
0.004911	0.000000	0.000000	0.008529	0.036388	0.000000	0.000000	0.514341	0.000000	0.000000	0.495764
0.000000	0.202621	0.000000	0.000000	0.000000	0.365807	0.070096	0.000000	0.000000	0.128776	0.503185
0.016516	0.036999	0.004333	0.000667	0.000000	0.000000	0.000000	0.000000	0.000000	0.004041	-0.548618
0.176499	0.200012	0.025294	0.000000	0.000000	0.000000	0.122716	0.000000	0.130198	0.000000	-0.314551
0.133041	0.118972	0.061309	0.008333	0.000000	0.000000	0.131581	0.000000	0.142706	0.011489	-0.125746
0.000000	0.072907	0.042967	0.010219	0.009187	0.000831	0.079034	0.010666	0.000000	0.101813	0.229887
0.000000	0.202382	0.053336	0.191781	0.122737	0.000000	0.072930	0.000000	0.000000	0.089372	0.097078
0.002811	0.000000	0.006906	0.000000	0.000000	0.000000	0.038034	0.000000	0.000000	0.000000	-0.509206
0.107881	0.090163	0.000817	0.000000	0.000000	0.000000	0.148713	0.000000	0.012723	0.000000	0.031049
0.070538	0.033378	0.027120	0.000000	0.050437	0.000000	0.084662	0.000000	0.018207	0.000000	0.469944
