word	SVM_direction	SVM_coef	Dominant_topic	Country_weight
according	Neutral	0.042	T6:detention_conditions	0.0260
act	No_Violation	-0.160	T8:UK_statutory	0.0072
adjourned	Violation	0.086	T1:hearing_scheduling	0.0218
administrative	Violation	0.177	T4:Turkey_admin	0.0079
also	Neutral	0.000	T0:GBR_evaluative	0.0230
appeal	Violation	0.064	T1:hearing_scheduling	0.0345
appealed	Violation	0.054	T5:Russia_pension	0.0176
appear	Violation	0.076	T1:hearing_scheduling	0.0184
appendix	Violation	0.126	T7:pretrial_detention	0.0046
april	Neutral	-0.002	T1:hearing_scheduling	0.0315
army	Violation	0.157	T8:UK_statutory	0.0004
article	Neutral	0.012	T2:Turkey_security	0.0165
august	Neutral	-0.034	T1:hearing_scheduling	0.0317
authority	Violation	0.128	T5:Russia_pension	0.0300
born	Violation	0.144	T4:Turkey_admin	0.0259
brought	Violation	0.134	T3:land_expropriation	0.0178
carried	No_Violation	-0.143	T6:detention_conditions	0.0076
cassation	Violation	0.210	T3:land_expropriation	0.0007
cell	No_Violation	-0.058	T6:detention_conditions	0.0185
charge	Violation	0.153	T8:UK_statutory	0.0176
charging	Violation	0.122	T2:Turkey_security	0.0012
city	No_Violation	-0.099	T1:hearing_scheduling	0.0237
civil	Violation	0.194	T3:land_expropriation	0.0116
claim	No_Violation	-0.059	T9:Russia_enforcement	0.0266
code	Neutral	0.020	T2:Turkey_security	0.0165
company	No_Violation	-0.166	T1:hearing_scheduling	0.0165
compensation	Violation	0.240	T3:land_expropriation	0.0197
complaint	No_Violation	-0.064	T6:detention_conditions	0.0167
concerning	No_Violation	-0.157	T6:detention_conditions	0.0162
copy	Neutral	-0.009	T6:detention_conditions	0.0177
counsel	Neutral	-0.006	T0:GBR_evaluative	0.0176
court	Violation	0.087	T5:Russia_pension	0.0179
criminal	Violation	0.114	T2:Turkey_security	0.0329
damage	Neutral	0.020	T9:Russia_enforcement	0.0176
date	Violation	0.109	T7:pretrial_detention	0.0257
dated	Violation	0.128	T8:UK_statutory	0.0049
december	Violation	0.056	T1:hearing_scheduling	0.0346
decision	Neutral	-0.041	T4:Turkey_admin	0.0291
delay	Violation	0.191	T1:hearing_scheduling	0.0071
detention	Violation	0.226	T7:pretrial_detention	0.0332
device	No_Violation	-0.156	T0:GBR_evaluative	0.0018
directorate	Violation	0.141	T3:land_expropriation	0.0008
discovered	No_Violation	-0.179	T6:detention_conditions	0.0050
dismissed	Violation	0.107	T4:Turkey_admin	0.0213
district	Violation	0.123	T1:hearing_scheduling	0.0601
document	No_Violation	-0.075	T4:Turkey_admin	0.0168
due	Neutral	0.042	T1:hearing_scheduling	0.0200
duplicate	No_Violation	-0.166	T9:Russia_enforcement	0.0031
enforcement	No_Violation	-0.132	T9:Russia_enforcement	0.0190
entered	No_Violation	-0.160	T6:detention_conditions	0.0057
establishment	No_Violation	-0.162	T6:detention_conditions	0.0038
examination	Violation	0.064	T1:hearing_scheduling	0.0286
examined	Violation	0.122	T6:detention_conditions	0.0201
extended	Neutral	-0.028	T1:hearing_scheduling	0.0176
factual	No_Violation	-0.146	T0:GBR_evaluative	0.0015
failure	Neutral	-0.010	T1:hearing_scheduling	0.0180
february	Violation	0.188	T1:hearing_scheduling	0.0313
file	Neutral	-0.017	T1:hearing_scheduling	0.0165
first	Violation	0.101	T0:GBR_evaluative	0.0209
following	No_Violation	-0.064	T1:hearing_scheduling	0.0207
found	Neutral	0.013	T0:GBR_evaluative	0.0203
garrison	No_Violation	-0.160	T9:Russia_enforcement	0.0073
government	No_Violation	-0.237	T6:detention_conditions	0.0131
granted	Violation	0.080	T9:Russia_enforcement	0.0191
hearing	Violation	0.133	T1:hearing_scheduling	0.0357
held	Neutral	0.008	T5:Russia_pension	0.0239
house	No_Violation	-0.212	T0:GBR_evaluative	0.0043
impugned	No_Violation	-0.193	T9:Russia_enforcement	0.0035
individual	No_Violation	-0.179	T0:GBR_evaluative	0.0081
initiated	Violation	0.162	T3:land_expropriation	0.0094
inter	No_Violation	-0.149	T0:GBR_evaluative	0.0046
interfere	No_Violation	-0.160	T6:detention_conditions	0.0047
investigating	Violation	0.140	T2:Turkey_security	0.0072
investigation	Neutral	0.012	T6:detention_conditions	0.0190
investigator	No_Violation	-0.065	T6:detention_conditions	0.0209
january	Neutral	0.037	T1:hearing_scheduling	0.0274
judge	Violation	0.055	T0:GBR_evaluative	0.0203
judgment	Violation	0.136	T9:Russia_enforcement	0.0438
july	Violation	0.052	T1:hearing_scheduling	0.0285
june	Violation	0.117	T1:hearing_scheduling	0.0283
lawyer	No_Violation	-0.162	T6:detention_conditions	0.0145
legislative	No_Violation	-0.307	T4:Turkey_admin	0.0015
life	Violation	0.205	T4:Turkey_admin	0.0253
living	No_Violation	-0.158	T0:GBR_evaluative	0.0060
lodged	Violation	0.162	T4:Turkey_admin	0.0190
made	No_Violation	-0.107	T0:GBR_evaluative	0.0166
management	No_Violation	-0.157	T0:GBR_evaluative	0.0040
march	Violation	0.103	T1:hearing_scheduling	0.0310
material	No_Violation	-0.095	T0:GBR_evaluative	0.0165
may	Neutral	-0.002	T1:hearing_scheduling	0.0294
meaning	No_Violation	-0.186	T0:GBR_evaluative	0.0002
measured	No_Violation	-0.159	T6:detention_conditions	0.0055
might	No_Violation	-0.170	T0:GBR_evaluative	0.0053
ministry	Violation	0.102	T4:Turkey_admin	0.0177
moscow	Violation	0.181	T5:Russia_pension	0.0316
must	No_Violation	-0.150	T0:GBR_evaluative	0.0027
name	No_Violation	-0.148	T0:GBR_evaluative	0.0071
new	No_Violation	-0.070	T1:hearing_scheduling	0.0186
november	Neutral	0.042	T1:hearing_scheduling	0.0308
october	Violation	0.066	T1:hearing_scheduling	0.0329
office	Violation	0.070	T3:land_expropriation	0.0186
official	No_Violation	-0.206	T0:GBR_evaluative	0.0073
one	No_Violation	-0.054	T0:GBR_evaluative	0.0193
order	Violation	0.137	T0:GBR_evaluative	0.0150
ordered	Violation	0.076	T5:Russia_pension	0.0240
owner	No_Violation	-0.175	T0:GBR_evaluative	0.0044
part	No_Violation	-0.107	T0:GBR_evaluative	0.0174
partially	Violation	0.124	T3:land_expropriation	0.0010
pecuniary	Violation	0.138	T9:Russia_enforcement	0.0101
pension	Violation	0.210	T5:Russia_pension	0.0267
place	Neutral	-0.002	T1:hearing_scheduling	0.0174
planning	No_Violation	-0.156	T0:GBR_evaluative	0.0003
police	Violation	0.057	T2:Turkey_security	0.0211
premise	No_Violation	-0.179	T6:detention_conditions	0.0042
presidium	Neutral	0.048	T9:Russia_enforcement	0.0172
proceeding	Violation	0.060	T1:hearing_scheduling	0.0329
prosecutor	Neutral	0.025	T2:Turkey_security	0.0192
provision	No_Violation	-0.181	T0:GBR_evaluative	0.0053
quashed	Violation	0.133	T1:hearing_scheduling	0.0212
received	No_Violation	-0.072	T1:hearing_scheduling	0.0204
region	Neutral	0.046	T9:Russia_enforcement	0.0230
regional	Neutral	0.037	T1:hearing_scheduling	0.0525
remand	No_Violation	-0.073	T6:detention_conditions	0.0183
remitted	Neutral	0.039	T1:hearing_scheduling	0.0192
remove	No_Violation	-0.148	T0:GBR_evaluative	0.0031
representative	Violation	0.125	T1:hearing_scheduling	0.0156
republic	Violation	0.106	T9:Russia_enforcement	0.0188
request	No_Violation	-0.061	T4:Turkey_admin	0.0233
requested	Violation	0.150	T3:land_expropriation	0.0137
rub	Violation	0.119	T9:Russia_enforcement	0.0208
russia	Neutral	-0.002	T9:Russia_enforcement	0.0236
russian	No_Violation	-0.113	T9:Russia_enforcement	0.0379
said	No_Violation	-0.159	T0:GBR_evaluative	0.0042
say	No_Violation	-0.162	T0:GBR_evaluative	0.0011
scheduled	Neutral	0.013	T1:hearing_scheduling	0.0236
second	Violation	0.167	T0:GBR_evaluative	0.0130
section	No_Violation	-0.156	T8:UK_statutory	0.0036
security	Violation	0.206	T2:Turkey_security	0.0059
sent	Neutral	0.048	T1:hearing_scheduling	0.0173
september	Neutral	0.003	T1:hearing_scheduling	0.0324
set	Violation	0.120	T7:pretrial_detention	0.0179
several	Neutral	-0.036	T6:detention_conditions	0.0173
statement	No_Violation	-0.066	T2:Turkey_security	0.0180
submission	No_Violation	-0.181	T0:GBR_evaluative	0.0101
submitted	Neutral	-0.031	T4:Turkey_admin	0.0220
supervisory	Neutral	0.006	T9:Russia_enforcement	0.0226
supreme	Violation	0.121	T4:Turkey_admin	0.0247
total	Violation	0.157	T7:pretrial_detention	0.0022
town	Violation	0.160	T5:Russia_pension	0.0417
transaction	No_Violation	-0.174	T1:hearing_scheduling	0.0031
trial	No_Violation	-0.100	T1:hearing_scheduling	0.0273
two	Neutral	-0.040	T8:UK_statutory	0.0224
unspecified	Violation	0.073	T9:Russia_enforcement	0.0209
upheld	Neutral	0.031	T1:hearing_scheduling	0.0305
upper	No_Violation	-0.162	T6:detention_conditions	0.0019
witness	Neutral	0.010	T6:detention_conditions	0.0193
written	Violation	0.149	T6:detention_conditions	0.0107
